skill,have_skill_and_add_to_profile,already_in_profile,jd_count,example_jds
Project management,,,75,"Agile Project Manager - Everforth ECS; Agile Project Manager - Pinnacle Method Consulting; AI Technical Project Manager - Remote Work - BairesDev; Associate Project Manager - RemoteHunter; Associate Project Manager, Product and Data - Horizon Media"
Agile,,yes,55,"Agile Project Manager - Everforth ECS; Agile Project Manager - Pinnacle Method Consulting; Associate Project Manager - RemoteHunter; Associate Project Manager, Product and Data - Horizon Media; Delivery Lead - Halo Media"
AI,,,50,"Agile Project Manager - Everforth ECS; AI Technical Project Manager - Remote Work - BairesDev; Associate Project Manager, Product and Data - Horizon Media; Junior Project Manager - NineTwoThree AI Studio; Middle Project Manager - NineTwoThree AI Studio"
Reporting,,,43,Agile Project Manager - Everforth ECS; Agile Project Manager - Pinnacle Method Consulting; AI Technical Project Manager - Remote Work - BairesDev; Associate Project Manager - RemoteHunter; Delivery Lead - Halo Media
Communication,,,41,"Agile Project Manager - Everforth ECS; Agile Project Manager - Pinnacle Method Consulting; Associate Product Manager - Mastery Logistics Systems, Inc.; Associate Project Manager - RemoteHunter; Delivery Lead - Halo Media"
Documentation,,,41,"AI Technical Project Manager - Remote Work - BairesDev; Associate Product Manager - Mastery Logistics Systems, Inc.; Delivery Lead - Halo Media; Information Technology Project Manager - Call Quest Solution; IT Business Analyst III - Gama-1 Technologies"
Jira,,,38,"Agile Project Manager - Everforth ECS; Agile Project Manager - Pinnacle Method Consulting; AI Technical Project Manager - Remote Work - BairesDev; Associate Project Manager, Product and Data - Horizon Media; Lead Technical Project Manager - Remote - Experian"
SaaS,,,37,"Associate Product Manager - Mastery Logistics Systems, Inc.; Associate Project Manager, Product and Data - Horizon Media; Product Operations Associate - Victory Live; Product Owner - Mutual of Omaha; Product Owner - Realtime Clinical Trial Management Systems"
Milestone tracking,,,33,Agile Project Manager - Everforth ECS; AI Technical Project Manager - Remote Work - BairesDev; Information Technology Project Manager - Call Quest Solution; Project Coordinator - Sourcedpeople; Project Coordinator - Tundra Technical Solutions
Facilitation,,,30,"Agile Project Manager - Everforth ECS; Agile Project Manager - Pinnacle Method Consulting; Associate Project Manager - RemoteHunter; Associate Project Manager, Product and Data - Horizon Media; Delivery Lead - Halo Media"
Scrum,,yes,30,"Agile Project Manager - Everforth ECS; Agile Project Manager - Pinnacle Method Consulting; Associate Product Manager - Mastery Logistics Systems, Inc.; Delivery Lead - Halo Media; Information Technology Project Manager - Call Quest Solution"
Data analytics,,,25,"Agile Project Manager - Everforth ECS; Agile Project Manager - Pinnacle Method Consulting; Associate Project Manager, Product and Data - Horizon Media; Product Manager 1 - (AI Focus) - Principal Financial Group; Product Operations Associate - Victory Live"
PMP,,,25,"Associate Project Manager, Product and Data - Horizon Media; Information Technology Project Manager - Call Quest Solution; Lead Technical Project Manager - Remote - Experian; Project Coordinator - Sourcedpeople; Project Manager - 6ix"
Stakeholder management,,yes,25,"Agile Project Manager - Everforth ECS; Associate Product Manager - Mastery Logistics Systems, Inc.; Associate Project Manager, Product and Data - Horizon Media; Product Manager 1 - (AI Focus) - Principal Financial Group; PROJECT MANAGER - Atos"
Program management,,,24,"AI Technical Project Manager - Remote Work - BairesDev; Associate Project Manager, Product and Data - Horizon Media; Project Coordinator - Tundra Technical Solutions; PROJECT MANAGER - Atos; PROJECT MANAGER - Atos"
Continuous improvement,,,22,Agile Project Manager - Everforth ECS; Agile Project Manager - Pinnacle Method Consulting; Delivery Lead - Halo Media; IT Business Analyst III - Gama-1 Technologies; Product Manager I - Ad Hoc
Risk management,,,22,"Agile Project Manager - Everforth ECS; Agile Project Manager - Pinnacle Method Consulting; Associate Project Manager, Product and Data - Horizon Media; Project Coordinator - Sourcedpeople; Project Manager - CSG"
Presentation skills,,,21,Agile Project Manager - Everforth ECS; Agile Project Manager - Pinnacle Method Consulting; Middle Project Manager - NineTwoThree AI Studio; PROJECT MANAGER - Atos; PROJECT MANAGER - Atos
Cloud computing,,,20,Agile Project Manager - Everforth ECS; Agile Project Manager - Pinnacle Method Consulting; Lead Technical Project Manager - Remote - Experian; Product Owner - Mutual of Omaha; Product Owner - Realtime Clinical Trial Management Systems
Roadmap planning,,yes,20,Agile Project Manager - Everforth ECS; Agile Project Manager - Pinnacle Method Consulting; AI Technical Project Manager - Remote Work - BairesDev; Delivery Lead - Halo Media; Lead Technical Project Manager - Remote - Experian
SAFe,,,18,"Agile Project Manager - Everforth ECS; Agile Project Manager - Pinnacle Method Consulting; Associate Project Manager - RemoteHunter; Associate Project Manager, Product and Data - Horizon Media; Product Owner - Mutual of Omaha"
Dependency management,,,17,Agile Project Manager - Everforth ECS; Lead Technical Project Manager - Remote - Experian; Project Coordinator - Tundra Technical Solutions; PROJECT MANAGER - Atos; PROJECT MANAGER - Atos
APIs,,,16,Product Owner - Realtime Clinical Trial Management Systems; Project Management Officer - HFM; Project Manager - Plusgrade; Technical Project Manager - Gravitate; Technical Project Manager - Insight Global
Budget management,,,16,Associate Project Manager - RemoteHunter; Delivery Lead - Halo Media; Information Technology Project Manager - Call Quest Solution; Lead Technical Project Manager - Remote - Experian; PROJECT MANAGER - Atos
Cybersecurity,,,16,IT Business Analyst III - Gama-1 Technologies; Project Coordinator (Scrum) - OP; PROJECT MANAGER - Atos; Technical Program Manager - Abnormal AI; Technical Program Manager - Hanson Consulting Group
Process improvement,,,16,Information Technology Project Manager - Call Quest Solution; IT Business Analyst III - Gama-1 Technologies; Lead Technical Project Manager - Remote - Experian; Product Operations Intern - Roadie; Project Manager - The Project Shop
Product management,,,16,"Associate Product Manager - Mastery Logistics Systems, Inc.; Junior Project Manager - NineTwoThree AI Studio; Product Manager 1 - (AI Focus) - Principal Financial Group; Product Manager I - Ad Hoc; Product Operations Associate - Victory Live"
Sprint planning,,,16,Agile Project Manager - Everforth ECS; Agile Project Manager - Pinnacle Method Consulting; IT Business Analyst III - Gama-1 Technologies; Product Manager I - Ad Hoc; Product Operations Associate - Victory Live
Infrastructure,,,15,Associate Project Manager - RemoteHunter; Product Manager I - Ad Hoc; Project Manager - CSG; Project Manager - The Project Shop; Technical Program Manager - Abnormal AI
Business analysis,,,14,"Associate Product Manager - Mastery Logistics Systems, Inc.; IT Business Analyst III - Gama-1 Technologies; Middle Project Manager - NineTwoThree AI Studio; Product Manager I - Ad Hoc; Product Operations Associate - Victory Live"
Dashboards,,,14,Agile Project Manager - Everforth ECS; Product Manager 1 - (AI Focus) - Principal Financial Group; Product Operations Associate - Victory Live; Product Operations Intern - Roadie; Project Coordinator (Scrum) - OP
Retrospectives,,,14,Agile Project Manager - Everforth ECS; Agile Project Manager - Pinnacle Method Consulting; Associate Project Manager - RemoteHunter; IT Business Analyst III - Gama-1 Technologies; Product Manager I - Ad Hoc
Scope management,,,14,Information Technology Project Manager - Call Quest Solution; Project Coordinator - Sourcedpeople; PROJECT MANAGER - Atos; PROJECT MANAGER - Atos; Project Manager (English Speaking) - Jobgether
SDLC,,,14,IT Business Analyst III - Gama-1 Technologies; Lead Technical Project Manager - Remote - Experian; Project Manager | Remote - Crossing Hurdles; Scrum Master - Helic & Co.; Technical Program Manager - Hanson Consulting Group
Confluence,,,13,Lead Technical Project Manager - Remote - Experian; Product Manager 1 - (AI Focus) - Principal Financial Group; Product Manager I - Ad Hoc; Project Coordinator (Scrum) - OP; Project Management Officer - HFM
Feature prioritization,,,13,"Associate Product Manager - Mastery Logistics Systems, Inc.; IT Business Analyst III - Gama-1 Technologies; Product Manager 1 - (AI Focus) - Principal Financial Group; Product Operations Associate - Victory Live; Product Owner - Mutual of Omaha"
Mentoring,,,13,AI Technical Project Manager - Remote Work - BairesDev; Middle Project Manager - NineTwoThree AI Studio; Product Operations Intern - Roadie; Project Coordinator - Sourcedpeople; PROJECT MANAGER - Atos
Microsoft Excel,,,13,"Associate Project Manager, Product and Data - Horizon Media; Project Coordinator (Scrum) - OP; Project Manager - Codekeeper; Analytics Product Manager - Cotiviti; Client Program Manager - Academian"
Client management,,,12,"Associate Project Manager, Product and Data - Horizon Media; Delivery Lead - Halo Media; Information Technology Project Manager - Call Quest Solution; Project Manager - RedStream Technology; Project Manager - The Project Shop"
Requirements gathering,,,12,IT Business Analyst III - Gama-1 Technologies; Middle Project Manager - NineTwoThree AI Studio; Product Manager I - Ad Hoc; Product Owner - Realtime Clinical Trial Management Systems; Project Manager - The Project Shop
Workday,,,12,Project Manager - CSG; AI Application Specialist - Motorola Solutions; Application Specialist - Motorola Solutions; Business Analyst - SaaS - Motorola Solutions; Client Project Manager - Thomson Reuters
Business intelligence,,,11,"Associate Project Manager, Product and Data - Horizon Media; Project Coordinator (Scrum) - OP; Technical Project Manager - System One; Technical Project Manager - Yalo; Analytics Product Manager - Cotiviti"
Change management,,,11,Information Technology Project Manager - Call Quest Solution; Lead Technical Project Manager - Remote - Experian; Project Management Officer - HFM; Technical Client Engagement Manager - Aspira; Technical Project Manager - Norstella
Customer success,,,11,Technical Project Manager - Gravitate; Application Specialist - Motorola Solutions; Associate Consultant - 26187 - Enverus; Associate Technical Program Manager - Guidewire; Client Program Manager - Academian
Implementation management,,,11,Project Manager - The Project Shop; Technical Project Manager - Norstella; Associate Project Manager - System Automation Corporation; Delivery Lead - RELISH; Enterprise Implementation Specialist - Kollective Group
KPI tracking,,,11,Agile Project Manager - Everforth ECS; Product Manager 1 - (AI Focus) - Principal Financial Group; Project Coordinator (Scrum) - OP; Project Manager - 6ix; PROJECT MANAGER - Atos
KPIs,,,11,Agile Project Manager - Everforth ECS; Product Manager 1 - (AI Focus) - Principal Financial Group; Project Coordinator (Scrum) - OP; Project Manager - 6ix; PROJECT MANAGER - Atos
Machine learning,,,11,Agile Project Manager - Everforth ECS; Middle Project Manager - NineTwoThree AI Studio; Product Manager 1 - (AI Focus) - Principal Financial Group; Technical Program Manager - Abnormal AI; Technical Program Manager - AI & Security/Executive /leadershp level communication - Ahura Workforce Solutions
Technical project management,,,11,AI Technical Project Manager - Remote Work - BairesDev; Lead Technical Project Manager - Remote - Experian; Project Manager - Plusgrade; Technical Project Manager - Gravitate; Technical Project Manager - Insight Global
AI/ML,,,10,Agile Project Manager - Everforth ECS; Middle Project Manager - NineTwoThree AI Studio; Product Manager 1 - (AI Focus) - Principal Financial Group; Technical Program Manager - AI & Security/Executive /leadershp level communication - Ahura Workforce Solutions; AI Application Specialist - Motorola Solutions
PMO,,,10,Associate Project Manager - RemoteHunter; IT Business Analyst III - Gama-1 Technologies; Project Management Officer - HFM; Project Manager - RedStream Technology; Project Manager - The Project Shop
QA coordination,,,10,Delivery Lead - Halo Media; Middle Project Manager - NineTwoThree AI Studio; Product Owner - Realtime Clinical Trial Management Systems; Technical Client Engagement Manager - Aspira; Technical Project Manager - Insight Global
Waterfall,,,10,Associate Project Manager - RemoteHunter; IT Business Analyst III - Gama-1 Technologies; Middle Project Manager - NineTwoThree AI Studio; Project Manager - RedStream Technology; Project Manager - The Project Shop
Agile metrics,,,9,Agile Project Manager - Everforth ECS; Agile Project Manager - Pinnacle Method Consulting; Product Operations Associate - Victory Live; Product Owner - Mutual of Omaha; Project Coordinator (Scrum) - OP
Azure,,,9,Agile Project Manager - Everforth ECS; Agile Project Manager - Pinnacle Method Consulting; Project Manager - RedStream Technology; Scrum Master - Helic & Co.; Technical Program Manager - Hanson Consulting Group
Backlog management,,,9,"Associate Product Manager - Mastery Logistics Systems, Inc.; Delivery Lead - Halo Media; Product Owner - Mutual of Omaha; Product Owner - Realtime Clinical Trial Management Systems; Technical Client Engagement Manager - Aspira"
Federal government contracting,,,9,IT Business Analyst III - Gama-1 Technologies; Lead Technical Project Manager - Remote - Experian; Product Manager I - Ad Hoc; Product Operations Associate - Victory Live; Product Owner - Realtime Clinical Trial Management Systems
Product ownership,,,9,Delivery Lead - Halo Media; IT Business Analyst III - Gama-1 Technologies; Product Manager I - Ad Hoc; Product Owner - Mutual of Omaha; Product Owner - Realtime Clinical Trial Management Systems
Release planning,,,9,Agile Project Manager - Everforth ECS; Agile Project Manager - Pinnacle Method Consulting; Delivery Lead - Halo Media; Project Coordinator - Tundra Technical Solutions; PROJECT MANAGER - Atos
User stories,,,9,IT Business Analyst III - Gama-1 Technologies; Junior Project Manager - NineTwoThree AI Studio; Middle Project Manager - NineTwoThree AI Studio; Product Manager I - Ad Hoc; Product Owner - Realtime Clinical Trial Management Systems
Acceptance criteria,,,8,Junior Project Manager - NineTwoThree AI Studio; Middle Project Manager - NineTwoThree AI Studio; Product Owner - Mutual of Omaha; Product Owner - Realtime Clinical Trial Management Systems; Project Coordinator - Sourcedpeople
Cross-functional leadership,,,8,"Technical Project Manager - Norstella; Associate Project Manager (Digital, Pharma Agency) - Avalere Health; Business Analyst - SaaS - Motorola Solutions; Client Project Manager - Thomson Reuters; Client Project Manager - Thomson Reuters"
Delivery management,,,8,Delivery Lead - Halo Media; Technical Program Manager - AI & Security/Executive /leadershp level communication - Ahura Workforce Solutions; Commercial Delivery Manager - The Insurer - Thomson Reuters; Customer Strategy and Delivery Lead - Keebler Health; Delivery Lead - RELISH
Schedule management,,,8,Junior Project Manager - NineTwoThree AI Studio; Technical Program Manager - Abnormal AI; Technical Project Manager - Yalo; Associate Project Manager - System Automation Corporation; Associate Technical Program Manager - Guidewire
Training enablement,,,8,Lead Technical Project Manager - Remote - Experian; Client Project Manager - Thomson Reuters; Customer Success Engineer (Americas) - Deepgram; Delivery Lead - RELISH; Delivery Lead - RWS Group
UX,,,8,Project Management Officer - HFM; PROJECT MANAGER - Atos; PROJECT MANAGER - Atos; Project Manager (English Speaking) - Jobgether; Analytics Product Manager - Cotiviti
Asana,,,7,Project Manager - The Project Shop; Implementation Manager - avante; Implementation Project Manager - Attentive; Implementation Project Manager - Medallion; Implementation Project Manager - Medallion
CSM,,,7,Project Coordinator (Scrum) - OP; Project Manager - 6ix; Scrum Master - Helic & Co.; Technical Project Manager - System One; Customer Success Engineer (Americas) - Deepgram
Data analysis,,,7,"Associate Project Manager, Product and Data - Horizon Media; Analytics Product Manager - Cotiviti; Application Specialist - Motorola Solutions; Associate Consultant - 26187 - Enverus; Business Analyst - SaaS - Motorola Solutions"
Power BI,,yes,7,Project Coordinator (Scrum) - OP; Technical Project Manager - System One; Technical Project Manager - Yalo; Data & Analytics (ML-Enabled Systems) - Thomson Reuters; GERENTE DE PROJETO - CAST
Azure DevOps,,,6,Project Manager - RedStream Technology; Scrum Master - Helic & Co.; Technical Program Manager - Hanson Consulting Group; Application Specialist - Motorola Solutions; DC to Cloud Scrum Master/Project Manager - Sogeti
ClickUp,,,6,Project Management Officer - HFM; Project Manager - The Project Shop; Implementation Project Manager - Medallion; Implementation Project Manager - Medallion; IT Project Manager - OpenLoop
Healthcare technology,,,6,Customer Strategy and Delivery Lead - Keebler Health; General Program Manager - AnsibleHealth; Implementation Manager - avante; Implementation Manager (AI / HealthTech) - evoke; Implementation Project Manager - Medallion
Issue management,,,6,Technical Project Manager - Norstella; Client Program Manager - Academian; General Program Manager - AnsibleHealth; Implementation Project Manager - Medallion; Implementation Project Manager - Medallion
Kanban,,,6,Agile Project Manager - Everforth ECS; Agile Project Manager - Pinnacle Method Consulting; Junior Project Manager - NineTwoThree AI Studio; GERENTE DE PROJETO - CAST; Information Technology Project Manager - Wilson & Sterling Consulting
Monday.com,,,6,"Associate Project Manager, Product and Data - Horizon Media; Project Manager - The Project Shop; Associate Technical Program Manager - Guidewire; Director, Program Management, Office of the COO - Horizon Media; Director, Program Management, Product and Data (Temp) - Horizon Media"
Problem solving,,,6,(US) Customer Operation Launch Manager - PointClickCare; Client Project Manager - Thomson Reuters; Client Project Manager - Thomson Reuters; Decision Strategy Management – Dialer and Campaign Management Strategist - BMO; Implementation Specialist - PatientNOW
Resource planning,,,6,Project Manager | Remote - Crossing Hurdles; Technical Program Manager - Abnormal AI; Associate Project Manager - System Automation Corporation; Digital Producer (Project Manager) - Sia/Ready Set Rocket; General Program Manager - AnsibleHealth
Sprint reviews,,,6,Agile Project Manager - Everforth ECS; Agile Project Manager - Pinnacle Method Consulting; IT Business Analyst III - Gama-1 Technologies; Product Manager I - Ad Hoc; Scrum Master - Helic & Co.
SQL,,yes,6,"Technical Program Manager - Abnormal AI; Analytics Product Manager - Cotiviti; Data & Analytics (ML-Enabled Systems) - Thomson Reuters; Data Analyst, Product Analytics - Thomson Reuters; Implementation Manager - avante"
UAT,,,6,IT Business Analyst III - Gama-1 Technologies; Technical Client Engagement Manager - Aspira; Technical Program Manager - Hanson Consulting Group; Technical Project Manager - Gravitate; AI Application Specialist - Motorola Solutions
Coaching,,,5,Agile Project Manager - Everforth ECS; Agile Project Manager - Pinnacle Method Consulting; Scrum Master - Helic & Co.; (US) Customer Operation Launch Manager - PointClickCare; Decision Strategy Management – Dialer and Campaign Management Strategist - BMO
ERP,,,5,"Technical Project Manager - Gravitate; Associate Project Manager - System Automation Corporation; Client Project Manager - Thomson Reuters; Client Project Manager - Thomson Reuters; IT Solutions Project Manager - Supply Chain Planning Systems - ERP Logic Israel, SAP Partner"
Microsoft SharePoint,,,5,Associate Project Manager - RemoteHunter; Project Manager - RedStream Technology; Information Technology Project Manager - Talentmatics; IT - Digital Platform Ops - Sr Business Systems Analyst - Digital - Golden 1 Credit Union; IT Program & Project Management Consultant - Conduent
Product lifecycle management,,,5,Product Manager 1 - (AI Focus) - Principal Financial Group; Technical Program Manager - Abnormal AI; Technical Program Manager - Hanson Consulting Group; Analytics Product Manager - Cotiviti; Junior Product Life Cycle Program Manager - Ciena
Python,,yes,5,"Technical Project Manager - Yalo; Customer Success Engineer (Americas) - Deepgram; Data & Analytics (ML-Enabled Systems) - Thomson Reuters; Data Analyst, Product Analytics - Thomson Reuters; Implementation Manager (AI / HealthTech) - evoke"
Team leadership,,,5,"Delivery Lead - RWS Group; Delivery Manager / Delivery Lead - SR Talent Solution Inc.; Director, Program Management, Office of the COO - Horizon Media; Director, Program Management, Product and Data (Temp) - Horizon Media; Information Services Manager (ISM) - Mutual of Omaha"
AWS,,,4,Technical Project Manager - Yalo; Data & Analytics (ML-Enabled Systems) - Thomson Reuters; DC to Cloud Scrum Master/Project Manager - Sogeti; Delivery Manager / Delivery Lead - SR Talent Solution Inc.
CRM,,,4,Associate Project Manager - System Automation Corporation; Delivery Manager / Delivery Lead - SR Talent Solution Inc.; Implementation Project Manager - Attentive; Implementation Specialist - PatientNOW
Decision-making,,,4,"Business Analyst - SaaS - Motorola Solutions; Client Project Manager - Thomson Reuters; Client Project Manager - Thomson Reuters; Data Analyst, Product Analytics - Thomson Reuters"
Generative AI,,,4,"Product Manager 1 - (AI Focus) - Principal Financial Group; Associate Consultant - 26187 - Enverus; Data & Analytics (ML-Enabled Systems) - Thomson Reuters; Data Analyst, Product Analytics - Thomson Reuters"
Microsoft PowerPoint,,,4,Technical Program Manager - AI & Security/Executive /leadershp level communication - Ahura Workforce Solutions; Analytics Product Manager - Cotiviti; Client Program Manager - Academian; IT Program & Project Management Consultant - Conduent
Microsoft Project,,,4,Lead Technical Project Manager - Remote - Experian; Project Coordinator - Tundra Technical Solutions; Information Technology Project Manager - Talentmatics; IT Program & Project Management Consultant - Conduent
Product operations,,,4,Product Operations Associate - Victory Live; Product Operations Intern - Roadie; Technical Program Manager - Abnormal AI; Junior Project Manager - Ruby Labs
Product strategy,,,4,Product Owner - Realtime Clinical Trial Management Systems; Analytics Product Manager - Cotiviti; Director / Senior Director of Product Management - ONTIC TECHNOLOGIES; Junior Project Manager - Ruby Labs
Salesforce,,,4,Implementation Project Manager - Attentive; Implementation Project Manager - Medallion; Implementation Project Manager - Medallion; Implementation Specialist - PatientNOW
SAP,,,4,"Delivery Lead - RELISH; Enterprise Implementation Specialist - Kollective Group; Information Systems Project Manager - Northrop Grumman; IT Solutions Project Manager - Supply Chain Planning Systems - ERP Logic Israel, SAP Partner"
Software implementation,,,4,Project Manager - Plusgrade; Delivery Lead - RELISH; Implementation Consultant – Legal AI Solutions - Thomson Reuters; Implementation Manager (AI / HealthTech) - evoke
Data governance,,,3,Data & Analytics (ML-Enabled Systems) - Thomson Reuters; Decision Strategy Management – Dialer and Campaign Management Strategist - BMO; Information Services Manager (ISM) - Mutual of Omaha
Data management,,,3,Agile Project Manager - Everforth ECS; Agile Project Manager - Pinnacle Method Consulting; Product Owner - Mutual of Omaha
Data modernization,,,3,Agile Project Manager - Everforth ECS; Agile Project Manager - Pinnacle Method Consulting; Information Services Manager (ISM) - Mutual of Omaha
Data pipelines,,yes,3,Product Manager 1 - (AI Focus) - Principal Financial Group; Data & Analytics (ML-Enabled Systems) - Thomson Reuters; Implementation Project Manager - Attentive
Go-to-market,,,3,Customer Success Engineer (Americas) - Deepgram; Implementation Project Manager - Medallion; Implementation Project Manager - Medallion
JavaScript,,,3,"AI Marketing Systems Manager - Onist Digital Agency; Data Analyst, Product Analytics - Thomson Reuters; Implementation Manager (AI / HealthTech) - evoke"
LLMs,,,3,"AI Application Specialist - Motorola Solutions; Data & Analytics (ML-Enabled Systems) - Thomson Reuters; Data Analyst, Product Analytics - Thomson Reuters"
Looker,,,3,Technical Project Manager - Yalo; AI Marketing Systems Manager - Onist Digital Agency; Analytics Product Manager - Cotiviti
Networking,,,3,IT Business Analyst III - Gama-1 Technologies; Product Owner - Realtime Clinical Trial Management Systems; Junior Project Manager - Ruby Labs
Relationship management,,,3,Delivery Lead - Halo Media; Product Owner - Mutual of Omaha; Business Analyst - SaaS - Motorola Solutions
Smartsheet,,,3,Project Manager - The Project Shop; Implementation Project Manager - Attentive; IT Project Manager - OpenLoop
SOPs,,,3,AI Application Specialist - Motorola Solutions; AI Marketing Systems Manager - Onist Digital Agency; Associate Technical Ecommerce Manager - ePromos
Systems integration,,,3,"Project Manager - The Project Shop; Implementation Manager (AI / HealthTech) - evoke; IT Solutions Project Manager - Supply Chain Planning Systems - ERP Logic Israel, SAP Partner"
UI,,,3,Product Owner - Mutual of Omaha; Project Management Officer - HFM; Analytics Product Manager - Cotiviti
Azure Boards,,,2,Agile Project Manager - Everforth ECS; Agile Project Manager - Pinnacle Method Consulting
Conflict resolution,,,2,Product Owner - Mutual of Omaha; Scrum Master - Helic & Co.
Data visualization,,,2,Data & Analytics (ML-Enabled Systems) - Thomson Reuters; Decision Strategy Management – Dialer and Campaign Management Strategist - BMO
Data warehousing,,,2,Business Analyst - SaaS - Motorola Solutions; Data & Analytics (ML-Enabled Systems) - Thomson Reuters
Ecommerce,,,2,Project Manager - Plusgrade; Associate Technical Ecommerce Manager - ePromos
ETL,,,2,Data & Analytics (ML-Enabled Systems) - Thomson Reuters; Implementation Manager (AI / HealthTech) - evoke
Google Cloud,,,2,Technical Project Manager - Yalo; DC to Cloud Scrum Master/Project Manager - Sogeti
HubSpot,,,2,Technical Project Manager - Gravitate; AI Marketing Systems Manager - Onist Digital Agency
Microsoft Office,,,2,Project Manager - RedStream Technology; Analytics Product Manager - Cotiviti
Microsoft Planner,,,2,Agile Project Manager - Everforth ECS; Agile Project Manager - Pinnacle Method Consulting
Microsoft Teams,,,2,Project Manager - The Project Shop; Implementation Manager - avante
Negotiation,,,2,Product Owner - Mutual of Omaha; Junior Product Life Cycle Program Manager - Ciena
NLP,,yes,2,"Analytics Product Manager - Cotiviti; Data Analyst, Product Analytics - Thomson Reuters"
Product analytics,,,2,"Data & Analytics (ML-Enabled Systems) - Thomson Reuters; Data Analyst, Product Analytics - Thomson Reuters"
Six Sigma,,,2,Lead Project Manager - Humana; Lead Project Manager - Humana
Vendor management,,,2,Information Services Manager (ISM) - Mutual of Omaha; Information Technology Project Manager - Salt
A/B testing,,,1,"Data Analyst, Product Analytics - Thomson Reuters"
Amplitude,,,1,"Data Analyst, Product Analytics - Thomson Reuters"
CSPO,,,1,"Associate Product Manager - Mastery Logistics Systems, Inc."
Executive reporting,,,1,Lead Technical Project Manager - Remote - Experian
Figma,,,1,Project Management Officer - HFM
Google Analytics,,,1,"Data Analyst, Product Analytics - Thomson Reuters"
Hybrid project management,,,1,Information Technology Project Manager - Wilson & Sterling Consulting
Information security,,,1,IT Business Analyst III - Gama-1 Technologies
ITIL,,,1,Líder de entrega ágil - Comfama Empleo
Legal technology,,,1,Implementation Consultant – Legal AI Solutions - Thomson Reuters
Notion,,,1,Technical Project Manager - Gravitate
OKRs,,yes,1,Project Manager - 6ix
Portfolio management,,,1,Project Manager - The Project Shop
ServiceNow,,,1,Implementation Manager - avante
Snowflake,,yes,1,Data & Analytics (ML-Enabled Systems) - Thomson Reuters
Tableau,,,1,Analytics Product Manager - Cotiviti
Trello,,,1,Project Management Officer - HFM
Zendesk,,,1,Application Specialist - Motorola Solutions
